{
  "T1_curlFrac": {
    "small": 0.21212365703022806,
    "medium": 0.19793164899837945,
    "large": 0.22350325272238114
  },
  "T2_logV": {
    "small": 0.7553159494330826,
    "medium": 0.7897384274868995,
    "large": 0.7804447848437434
  }
}